{
    "tavg": {
      "1": 12.0504417419,
      "2": 13.6149091721,
      "3": 15.9408102036,
      "4": 17.9844112396,
      "5": 20.5166606903,
      "6": 23.8374633789,
      "7": 26.7905635834,
      "8": 27.0171146393,
      "9": 24.5452022552,
      "10": 20.6482048035,
      "11": 16.3573894501,
      "12": 12.9281549454
    },
    "prec": {
      "1": 24.2231407166,
      "2": 23.6054515839,
      "3": 23.6669273376,
      "4": 19.8863773346,
      "5": 12.0174560547,
      "6": 4.827246666,
      "7": 1.6928044558,
      "8": 3.3386454582,
      "9": 10.7556257248,
      "10": 17.899559021,
      "11": 25.4042797089,
      "12": 29.6869010925
    },
    "windsp": {
      "1": 3.6225762367,
      "2": 4.0694189072,
      "3": 4.2842850685,
      "4": 4.7074160576,
      "5": 4.8863534927,
      "6": 5.0557174683,
      "7": 4.4684596062,
      "8": 4.3104434013,
      "9": 4.2071752548,
      "10": 3.6416566372,
      "11": 3.3603720665,
      "12": 3.5070559978
    },
    "srad": {
      "1": 12854.001953125,
      "2": 15919.8291015625,
      "3": 19493.1796875,
      "4": 22801.08203125,
      "5": 24510.740234375,
      "6": 25225.138671875,
      "7": 24890.41796875,
      "8": 23467.4453125,
      "9": 20437.9921875,
      "10": 16846.978515625,
      "11": 13375.0751953125,
      "12": 11974.7060546875
    }
  }
  